PW642498,PW689960,,APPROVED
PW659978,PW673346,,APPROVED
PW675174,PW646702,,NOT FOUND
Pw645022,Pw679212,,APPROVED
PW678336,PW691128,,APPROVED
PW639002,PW689242,,APPROVED
PW670364,PW656788,,APPROVED
pw669140,pw671946,,APPROVED
PW672818,PW656992,,APPROVED
PW659853,PW636973,,NOT FOUND
PW638821,PW658767,,NOT FOUND
PW196259,PW857503,,NOT FOUND
PW670132,PW989841,,APPROVED
Pw695061,Pw686231,,NOT FOUND
PW666804,PW648767,,APPROVED
PW694755,PW692667,,APPROVED
PW643265,PW685080,,APPROVED
PW677229,PW636973,,NOT FOUND
Pw695491,PW655003,,APPROVED
PW683790,PW659232,,APPROVED
pw636686,Pw671946,,APPROVED
PW665139,PW989841,,APPROVED
pw650114,pw671946,,APPROVED
PW652500,PW670049,,APPROVED
Pw688162,PW661153,,APPROVED
Pw668012,PW655003,,APPROVED
pw639771,pw671946,,NOT FOUND
PW640296,PW659232,,NOT FOUND
PW636413,PW661153,,NOT FOUND
PW673212,PW636973,,APPROVED
pw694096,pw671946,,APPROVED
PW652516,PW636973,,NOT FOUND
PW651551,PW658767,,APPROVED
PW671997,PW658767,,APPROVED
PW641033,PW667316,,APPROVED
PW144882,PW97256182,,APPROVED
PW645779,PW680054,,APPROVED
PW635578,PW687828,,APPROVED
Pw667627,PW687828,,APPROVED
PW649646,pw645543,,NOT FOUND
PW663723,PW687828,,APPROVED
PW681675,PW938942,,APPROVED
PW691123,PW129933,,APPROVED
PW685240,PW569267,,APPROVED
PW682488,PW636917,,APPROVED
Pw642448,Pw670233,,APPROVED
PW649137,PW692254,,APPROVED
PW675484,PW653413,,APPROVED
PW672109,PW654027,,NOT FOUND
Pw661190,Pw658767,,APPROVED
PW649725,PW695383,,NOT FOUND
Pw664759,Pw673220,,APPROVED
Pw642384,Pw765266,,APPROVED
Pw650147,Pw686231,,NOT FOUND
PW672121,Pw636973,,NOT FOUND
PW678169,PW650588,,NOT FOUND
Pw639175,PW661392,,APPROVED
PW663503,PW489759,,NOT FOUND
PW679188,PW489759,,APPROVED
Pw661923,PW647035,,APPROVED
PW684751,PW695255,,NOT FOUND
Pw685117,Pw640029,,APPROVED
PW669099,PW659232,,APPROVED
PW689745,PW681178,,APPROVED
PW677984,pw645543,,APPROVED
Pw654548,Pw765266,,APPROVED
Pw647848,PW661392,,NOT FOUND
PW662031,PW680054,,APPROVED
PW690650,PW362722,,NOT FOUND
PW674181,PW685080,,APPROVED
Pw694969,PW692500,,APPROVED
Pw669693,PW692500,,APPROVED
Pw675779,PW692500,,APPROVED
Pw692500,PW648736,,APPROVED
PW686903,PW692667,,APPROVED
PW668331,PW873241,,APPROVED
PW688506,PW409830,,NOT FOUND
PW679257,PW840133,,NOT FOUND
PW656071,PW693420,,NOT FOUND
PW677527,PW693420,,NOT FOUND
PW684648,PW715043,,APPROVED
PW668439,PW674848,,APPROVED
Pw646566,PW661392,,APPROVED
PW637062,PW655301,,APPROVED
Pw662404,PW661392,,NOT FOUND
PW679771,PW661153,,APPROVED
PW681064,PW642097,,NOT FOUND
PW640747,PW684049,,APPROVED
PW664587,PW636548,,APPROVED
PW644589,PW074198,,NOT FOUND
PW638992,PW715043,,NOT FOUND
PW657298,PW674848,,NOT FOUND
Pw694428,Pw646472,,NOT FOUND
PW685169,PW692667,,APPROVED
PW680838,PW685169,,APPROVED
Pw660687,PW655301,,NOT FOUND
Pw683641,Pw687966,,APPROVED
Pw679570,PW873241,,APPROVED
PW692018,PW682218,,APPROVED
PW661941,Pw661802,,APPROVED
Pw693788,Pw637718,,APPROVED
PW695143,PW645682,,NOT FOUND
PW684540,PW665723,,APPROVED
PW683174,PW656788,,APPROVED
Pw670298,Pw693788,,APPROVED
PW689306,PW265693,,APPROVED
PW683881,PW668085,,NOT FOUND
Pw659918,PW681784,,APPROVED
PW643865,PW667010,,APPROVED
PW644694,PW670735,,APPROVED
PW682673,PW667010,,NOT FOUND
Pw676202,Pw687808,,APPROVED
PW673704,PW663720,,NOT FOUND
PW650630,PW667010,,NOT FOUND
Pw662259,Pw765266,,APPROVED
PW664576,PW677701,,APPROVED
PW658071,PW677701,,APPROVED
PW677127,pw645543,,NOT FOUND
Pw638091,PW873241,,APPROVED
Pw674527,Pw670233,,APPROVED
PW695035,PW665858,,NOT FOUND
PW674595,PW688541,,APPROVED
PW671113,PW665858,,APPROVED
PW663843,PW647725,,APPROVED
PW689960,Pw645543,,APPROVED
PW695278,PW648736,,APPROVED
PW685492,PW674595,,APPROVED
Pw684982,PW647825,,APPROVED
PW643461,Pw081771,,APPROVED
Pw669410,Pw679212,,NOT FOUND
PW661769,PW653413,,NOT FOUND
Pw637410,Pw649254,,APPROVED
PW645759,PW673935,,APPROVED
PW659591,Pw841287,,NOT FOUND
PW677166,PW656788,,APPROVED
Pw670032,Pw637718,,APPROVED
PW614052,PW667338,,NOT FOUND
PW678090,PW658767,,NOT FOUND
PW650926,PW129933,,APPROVED
Pw651080,Pw686231,,NOT FOUND
PW691456,PW687828,,APPROVED
PW684137,PW129933,,APPROVED
Pw638696,pw645543,,APPROVED
Pw693518,Pw667519,,NOT FOUND
PW663349,PW678035,,APPROVED
PW669927,PW646984,,APPROVED
PW685826,PW655301,,NOT FOUND
Pw651175,PW678524,,NOT FOUND
Pw674880,Pw841287,,NOT FOUND
PW660317,PW657303,,APPROVED
PW676558,PW653413,,APPROVED
PW661122,265693,,APPROVED
PW651416,PW645543,,APPROVED
PW650695,Pw656992,,NOT FOUND
Pw676253,PW685080,,APPROVED
Pw639035,PW661392,,NOT FOUND
PW664464,Pw672987,,NOT FOUND
PW647187,PW873241,,APPROVED
Pw643561,PW661392,,NOT FOUND
Pw651862,Pw746679,,NOT FOUND
PW684928,PW673346,,APPROVED
Pw659103,Pw679212,,APPROVED
PW164431,PW409830,,APPROVED
Pw641907,PW637572,,APPROVED
Pw654535,Pw678524,,NOT FOUND
PW676098,PW641438,,NOT FOUND
PW679286,PW661674,,APPROVED
pw685652,pw671946,,APPROVED
PW653054,PW 658767,,NOT FOUND
PW673857,PW689735,,APPROVED
PW646373,PW648686,,APPROVED
PW694227,pw645543,,NOT FOUND
PW678708,pw645543,,APPROVED
PW678911,PW667010,,NOT FOUND
Pw668877,PW658822,,APPROVED
Pw655994,Pw658822,,APPROVED
Pw637600,Pw693788,,NOT FOUND
PW669119,PW643178,,NOT FOUND
PW653615,PW684049,,APPROVED
PW681178,PW659232,,APPROVED
PW675388,PW681178,,APPROVED
PW648670,PW694183,,APPROVED
PW670308,PW692254,,APPROVED
PW647896,PW265693,,NOT FOUND
PW689309,PW661699,,APPROVED
pw649623,pw671946,,APPROVED
pw655806,pw671946,,APPROVED
PW665963,Pw683887,,APPROVED
pw650264,pw635623,,NOT FOUND
pw681726,pw671946,,NOT FOUND
PW688782,Pw641082,,APPROVED
PW665841,Pw679037,,APPROVED
Pw653283,Pw641225,,APPROVED
PW646229,PW667010,,APPROVED
Pw666377,Pw689735,,APPROVED
PW669715,PW684095,,APPROVED
Pw637215,Pw662261,,APPROVED
PW640261,PW681784,,NOT FOUND
Pw678783,PW668970,,APPROVED
PW676226,PW659232,,APPROVED
PW658710,PW692667,,APPROVED
PW650113,PW684049,,NOT FOUND
PW656511,PW656511,,APPROVED
PW648114,PW692859,,APPROVED
Pw650779,Pw637003,,APPROVED
PW639853,PW662763,,APPROVED
pw678699,pw671946,,APPROVED
PW640289,PW666231,,APPROVED
PW661564,PW569267,,NOT FOUND
PW653201,PW667316,,APPROVED
Pw670563,Pw659103,,APPROVED
pw659396,pw671946,,APPROVED
PW675169,PW637035,,APPROVED
PW652168,PW678205,,NOT FOUND
PW638956,PW678205,,NOT FOUND
PW676698,PW674848,,APPROVED
PW647162,Pw646658,,APPROVED
PW686718,PW657303,,APPROVED
Pw678955,Pw679037,,APPROVED
PW644516,PW684049,,NOT FOUND
Pw664684,Pw681784,,APPROVED
PW674931,PW656788,,APPROVED
pw659094,pw671946,,APPROVED
Pw670910,Pw640029,,APPROVED
PW681506,PW685197,,APPROVED
PW651424,PW685248,,APPROVED
Pw638283,Pw679510,,APPROVED
Pw672155,Pw695039,,APPROVED
PW685733,PW682218,,APPROVED
pw691180,pw671946,,NOT FOUND
PW666291,PW675484,,NOT FOUND
Pw684838,Pw656788,,APPROVED
PW671946,PW657408,,APPROVED
pw666979,pw671946,,NOT FOUND
PW642353,PW635721,,APPROVED
PW665177,PW489759,,APPROVED
PW657676,PW654300,,NOT FOUND
Pw552110,Pw552110,,APPROVED
PW661699,PW661699,,NOT FOUND
PW650047,PW645682,,APPROVED
PW754585,PW081771,,APPROVED
PW655301,PW654027,,APPROVED
PW313661,Pw841287,,APPROVED
PW663906,PW691795,,APPROVED
PW668455,PW681275,,APPROVED
Pw664602,681327,,APPROVED
PW841287,PW807356,,APPROVED
Pw661067,Pw652785,,APPROVED
PW670715,PW655301,,NOT FOUND
PW665858,PW665858,,APPROVED
PW661802,Pw661941,,APPROVED
PW653413,PW129933,,APPROVED
PW668454,PW689242,,APPROVED
PW661212,PW648114,,APPROVED
Pw656377,Pw648730,,APPROVED
PW643844,PW674726,,NOT FOUND
PW672982,Pw641438,,APPROVED
PW639849,PW642311,,APPROVED
PW648061,PW643844,,NOT FOUND
PW674848,PW674848,,APPROVED
PW646374,Pw081771,,APPROVED
Pw675426,PW569267,,APPROVED
Pw680704,Pw680704,,APPROVED
PW653103,PW636486,,APPROVED
PW489759,PW715043,,APPROVED
PW651490,PW653413,,APPROVED
Pw568104,Pw552110,,APPROVED
PW685197,PW153186,,APPROVED
PW683695,PW665713,,APPROVED
Pw658822,Pw645543,,APPROVED
pw656269,PW682931,,APPROVED
PW635582,PW667010,,APPROVED
PW684413,PW665858,,APPROVED
PW654699,PW653413,,APPROVED
PW678623,PW656788,,APPROVED
Pw635731,PW662993,,APPROVED
PW672707,PW654027,,APPROVED
Pw666130,Pw694238,,APPROVED
Pw656994,Pw841287,,APPROVED
PW692329,PW569267,,NOT FOUND
PW649586,PW681275,,NOT FOUND
Pw679011,PW644824,,NOT FOUND
PW660271,PW647375,,APPROVED
PW636510,PW685466,,APPROVED
PW688364,PW081771,,APPROVED
PW645475,PW299680,,APPROVED
PW681486,PW692667,,APPROVED
PW636393,PW670228,,APPROVED
PW669285,PW692667,,APPROVED
Pw680934,PW687808,,NOT FOUND
PW657960,PW674848,,APPROVED
PW673598,PW569267,,APPROVED
Pw649845,PW569267,,APPROVED
Pw675418,Pw678524,,NOT FOUND
PW637224,PW639127,,NOT FOUND
PW650267,PW657408,,APPROVED
PW691097,PW657408,,APPROVED
PW654695,PW662203,,APPROVED
PW643950,PW684049,,NOT FOUND
PW676484,Pw754585,,APPROVED
PW668970,PW695272,,APPROVED
PW667675,PW569267,,APPROVED
PW686138,PW665858,,APPROVED
PW637287,PW665858,,APPROVED
PW667721,PW667721,,APPROVED
PW651785,PW670049,,APPROVED
Pw694701,Pw637003,,APPROVED
PW680453,PW645202,,APPROVED
Pw647721,Pw765266,,APPROVED
PW668115,PW129933,,APPROVED
PW688612,PW688097,,APPROVED
PW637718,Pw691926,,APPROVED
PW153186,PW841287,,APPROVED
PW670233,PW658822,,APPROVED
PW677632,PW656511,,APPROVED
PW647769,PW681187,,APPROVED
PW154493,PW409830,,APPROVED
PW081771,Pw754585,,APPROVED
PW663707,PW665858,,APPROVED
PW644812,PW637287,,NOT FOUND
Pw666928,PW658822,,APPROVED
PW682120,PW691128,,APPROVED
Pw636687,Pw658822,,APPROVED
Pw683887,PW648114,,APPROVED
PW646403,PW569267,,APPROVED
Pw895800,Pw552110,,APPROVED
PW667369,Pw678653,,NOT FOUND
PW667552,PW636917,,APPROVED
PW679227,PW661699,,APPROVED
PW981418,PW569267,,APPROVED
PW676994,PW569267,,APPROVED
PW636378,PW635721,,APPROVED
PW681846,PW489759,,APPROVED
PW641138,Pw654533,,APPROVED
PW690545,PW637287,,APPROVED
PW682218,PW682218,,APPROVED
Pw678013,PW129933,,APPROVED
PW665713,PW665713,,APPROVED
PW662530,PW682218,,APPROVED
PW655253,PW665858,,APPROVED
PW636987,PW665713,,APPROVED
PW653316,PW665858,,NOT FOUND
PW667361,PW668454,,APPROVED
PW677496,PW654027,,APPROVED
PW682090,PW643844,,NOT FOUND
Pw671545,????658024,,APPROVED
PW646475,PW569267,,APPROVED
Pw675666,Pw081771,,APPROVED
PW635805,PW692500,,APPROVED
PW659317,PW684049,,APPROVED
PW670222,Pe667318,,NOT FOUND
PW686111,PW646576,,APPROVED
PW651382,PW688541,,APPROVED
Pw662158,Pw841287,,APPROVED
PW671971,PW686425,,APPROVED
PW690541,PW129933,,APPROVED
Pw641255,PW715043,,APPROVED
PW682931,PW661699,,APPROVED
PW658499,PW690380,,APPROVED
PW679212,PW129933,,APPROVED
PW691795,PW663906,,APPROVED
PW652399,PW686425,,NOT FOUND
Pw688191,Pw645627,,NOT FOUND
PW638172,pw645543,,APPROVED
PW684929,PW129933,,APPROVED
PW654854,PW695255,,APPROVED
PW687846,PW489759,,APPROVED
PW664758,PW636486,,APPROVED
PW656134,PW665713,,APPROVED
PW680109,PW688541,,APPROVED
PW341832,PW646984,,APPROVED
PW695212,PW663906,,NOT FOUND
Pw641438,Pw841287,,APPROVED
PW658511,PW299680,,APPROVED
PW686425,PW684049,,APPROVED
Pw667452,Pw679110,,NOT FOUND
PW690380,PW646576,,APPROVED
Pw640650,Pw765266,,APPROVED
Pw682915,Pw841287,,NOT FOUND
Pw659411,Pw645543,,APPROVED
Pw685852,Pw644495,,APPROVED
PW691896,PW653678,,APPROVED
PW662763,PW668648,,APPROVED
pw684568,pw671946,,NOT FOUND
PW670775,PW643844,,APPROVED
PW645790,PW569267,,APPROVED
PW684906,PW676145,,APPROVED
PW637592,PW671115,,APPROVED
PW683534,PW692859,,APPROVED
PW649131,PW989841,,APPROVED
Pw645817,Pw659151,,APPROVED
PW687927,Pw641225,,APPROVED
PW665048,PW686425,,APPROVED
PW638609,PW684049,,APPROVED
Pw682626,Pw841287,,APPROVED
Pw656064,PW665291,,APPROVED
PW682262,PW685115,,APPROVED
Pw677291,Pw659411,,APPROVED
PW652253,PW642844,,NOT FOUND
PW647725,PW681962,,APPROVED
PW660893,PW671115,,APPROVED
PW655659,PW660893,,NOT FOUND
PW663833,PW569267,,APPROVED
PW671610,PW645543,,APPROVED
Pw655323,PW692500,,APPROVED
PW673346,PW671769,,APPROVED
PW661265,PW695255,,APPROVED
Pw650373,Pw656377,,APPROVED
PW641166,Pw644173,,APPROVED
Pw663488,Pw841287,,APPROVED
PW643925,PW656511,,APPROVED
PW693420,PW686425,,APPROVED
PW658352,PW640592,,APPROVED
Pw682239,PW653103,,APPROVED
PW639833,PW636486,,APPROVED
PW652241,PW671971,,APPROVED
PW654884,PW693860,,APPROVED
PW640027,PW637035,,NOT FOUND
PW692966,Pw672431,,APPROVED
pw641118,PW693860,,NOT FOUND
PW685479,PW989841,,APPROVED
PW649920,PW653413,,APPROVED
Pw679746,Pw313661,,APPROVED
PW692440,PW681784,,APPROVED
PW649149,PW693244,,APPROVED
Pw678524,Pw635713,,APPROVED
PW658228,PW569267,,NOT FOUND
Pw265759,PW436668,,APPROVED
PW669255,PW938942,,APPROVED
PW640029,Pw765266,,APPROVED
PW640105,PW653413,,APPROVED
PW690321,PW569267,,APPROVED
PW686505,PW655301,,APPROVED
PW667896,PW676145,,APPROVED
Pw678296,Pw659151,,APPROVED
PW660145,PW676145,,APPROVED
PW678485,PW684049,,APPROVED
Pw679651,PW653413,,APPROVED
PW635652,PW682169,,APPROVED
Pw657880,PW678524,,NOT FOUND
PW679957,PW 653678,,NOT FOUND
Pw662993,PW954875,,APPROVED
PW657808,PW671115,,APPROVED
PW671769,PW678524,,NOT FOUND
PW649311,PW641005,,NOT FOUND
PW683203,PW684095,,APPROVED
PW677401,PW636486,,APPROVED
PW678478,Pw680704,,APPROVED
PW648971,PW658767,,APPROVED
Pw640160,Pw841287,,NOT FOUND
Pw681454,Pe653231,,APPROVED
PW638699,PW649149,,APPROVED
Pw654442,PW692500,,APPROVED
PW677089,PW569267,,NOT FOUND
Pw637136,Pw653231,,NOT FOUND
Pw746679,Pw568634,,APPROVED
Pw666217,Pw659151,,APPROVED
PW677792,Pw637718,,APPROVED
Pw646276,Pw162057,,APPROVED
PW677324,PW636973,,NOT FOUND
Pw664958,PW635731,,APPROVED
PW647480,PW647480,,APPROVED
PW693936,PW645202,,APPROVED
Pw643894,PW 658767,,NOT FOUND
PW667338,PW081771,,APPROVED
PW692059,Pw654833,,APPROVED
Pw642552,Pw693860,,NOT FOUND
Pw636591,Pw552110,,APPROVED
PW685425,PW643844,,NOT FOUND
PW673347,PW686343,,APPROVED
PW680089,PW684049,,APPROVED
PW650700,PW695255,,APPROVED
PW648686,PW673346,,APPROVED
PW642927,PW689242,,APPROVED
PW683914,PW676145,,APPROVED
PW652538,PW655301,,APPROVED
PW669779,PW685466,,APPROVED
Pw660289,PW681784,,NOT FOUND
Pw664187,Pw659411,,APPROVED
PW688040,PW641005,,APPROVED
PW689561,PW840133,,NOT FOUND
PW664698,PW695000,,NOT FOUND
PW661372,PW637287,,NOT FOUND
PW299680,PW658511,,APPROVED
PW652927,PW672828,,NOT FOUND
PW636917,PW689242,,APPROVED
PW693860,PW684049,,APPROVED
PW687644,PW645202,,APPROVED
PW675304,PW635721,,NOT FOUND
Pw636689,Pw681784,,APPROVED
PW694718,PW676145,,APPROVED
PW683051,PW489759,,APPROVED
PW695525,PW683887,,APPROVED
PW638612,PW676145,,NOT FOUND
Pw675462,Pw646472,,NOT FOUND
PW679435,PW938942,,APPROVED
PW648870,PW689242,,APPROVED
PW685248,PW689242,,APPROVED
PW642908,PW63572,,APPROVED
PW683919,Pw652927,,APPROVED
PW661109,PW635731,,APPROVED
PW661013,PW635721,,NOT FOUND
PW636377,PW635721,,APPROVED
PW684833,Pw644495,,NOT FOUND
PW677897,PW668648,,NOT FOUND
PW072306,PW341832,,APPROVED
Pw669947,pw637718,,NOT FOUND
PW680587,PW569267,,APPROVED
PW673900,Pw640029,,APPROVED
PW691468,PW656788,,APPROVED
PW666231,PW689242,,APPROVED
PW693808,PW661153,,NOT FOUND
Pw687021,Pw670233,,APPROVED
PW687808,PW686425,,APPROVED
Pw638389,Pw658024,,APPROVED
PW638122,PW667339,,APPROVED
PW645587,PW652241,,NOT FOUND
Pw695021,Pw653231,,NOT FOUND
PW695551,PW667010,,APPROVED
Pw690962,Pw694901,,APPROVED
Pw641082,Pw641438,,APPROVED
PW673257,PW686425,,NOT FOUND
PW679583,PW569267,,APPROVED
PW643155,PW489759,,APPROVED
PW662261,PW694238,,APPROVED
PW691156,PW684095,,APPROVED
PW647364,PW635721,,APPROVED
PW661073,PW673346,,APPROVED
Pw649470,PW841287,,APPROVED
PW668039,PW649149,,APPROVED
PW694567,PW694238,,APPROVED
PW658205,PW667339,,APPROVED
PW651536,PW656511,,APPROVED
PW663927,PW636486,,APPROVED
PW689807,PW666928,,APPROVED
PW645528,PW653413,,NOT FOUND
PW666963,PW667010,,NOT FOUND
Pw645284,Pw686231,,APPROVED
PW684790,PW642311,,APPROVED
PW660410,PW656272,,APPROVED
PW665723,PW689242,,APPROVED
PW666631,PW685466,,NOT FOUND
PW648239,PW657303,,APPROVED
Pw687273,PW661392,,APPROVED
PW653423,PW653423,,APPROVED
PW695178,PW653413,,NOT FOUND
PW642066,PW661153,,NOT FOUND
PW668670,PW654027,,APPROVED
PW676179,PW665713,,APPROVED
PW644039,Pw644495,,NOT FOUND
Pw682597,489759,,APPROVED
Pw660081,PW692500,,APPROVED
Pw668451,Pw680704,,APPROVED
PW668558,PW686425,,APPROVED
PW694072,Pw644495,,NOT FOUND
PW686089,PW685852,,NOT FOUND
PW673528,PW642311,,APPROVED
PW680288,489759,,APPROVED
PW654102,PW661991,,NOT FOUND
Pw683318,PW661392,,APPROVED
PW669675,pw569267,,NOT FOUND
Pw680668,PW661392,,APPROVED
PW672741,PW646984,,NOT FOUND
PW690586,PW569267,,APPROVED
PW685170,PW569267,,NOT FOUND
PW652867,PW682675,,APPROVED
Pw545824,Pw746679,,NOT FOUND
PW643889,PW489759,,APPROVED
PW677851,Pw645543,,NOT FOUND
PW739550,Pw765266,,APPROVED
PW664701,Pw313661,,APPROVED
PW638096,PW569267,,NOT FOUND
PW645125,PW676145,,NOT FOUND
PW654625,Pw679037,,APPROVED
PW682245,PW649149,,APPROVED
PW676145,PW684049,,APPROVED
PW644754,PW676145,,NOT FOUND
PW670383,PW656511,,NOT FOUND
PW661637,PW648736,,NOT FOUND
PW640317,PW650177,,APPROVED
PW685680,PW669779,,NOT FOUND
PW681210,PW669779,,NOT FOUND
PW657792,PW653413,,APPROVED
PW671732,PW669779,,NOT FOUND
PW656669,PW669779,,APPROVED
Pw692208,Pw694901,,APPROVED
Pw639052,PW661392,,APPROVED
Pw665041,Pw656377,,APPROVED
Pw645855,Pw649254,,APPROVED
PW657617,PW715043,,NOT FOUND
PW675561,PW654027,,APPROVED
PW674882,PW635721,,APPROVED
PW691996,PW569267,,APPROVED
PW687015,Pw641438,,NOT FOUND
PW837101,PW938942,,APPROVED
PW666029,PW646576,,APPROVED
PW676333,PW671971,,NOT FOUND
Pw647255,Pw658822,,NOT FOUND
PW635691,PW667010,,NOT FOUND
Pw667155,Pw657157,,NOT FOUND
Pw679510,Pw637035,,APPROVED
Pw923232,Pw873050,,APPROVED
Pw673937,PW661153,,APPROVED
PW670324,PW681275,,APPROVED
Pw690688,Pw659411,,APPROVED
PW685740,PW661699,,APPROVED
PW644838,PW693826,,APPROVED
Pw672981,Pw765266,,APPROVED
Pw672267,Pw664967,,APPROVED
PW676068,PW689242,,APPROVED
PW661063,PW681275,,APPROVED
PW672147,PW661153,,NOT FOUND
PW678135,PW689242,,APPROVED
PW669245,PW646576,,APPROVED
PW678205,PW989841,,APPROVED
PW650861,PW644562,,APPROVED
Pw661950,Pw658024,,APPROVED
Pw674683,PW661392,,APPROVED
PW658818,PW658818,,APPROVED
Pw677701,PW661699,,APPROVED
PW650136,PW657434,,APPROVED
PW657401,PW642097,,APPROVED
PW675965,PW684095,,APPROVED
pw649460,pw671946,,APPROVED
Pw636726,PW661392,,APPROVED
PW667940,PW715043,,APPROVED
PW660689,PW695000,,APPROVED
PW686261,Pw652927,,NOT FOUND
PW639280,PW641005,,APPROVED
PW675339,PW689242,,APPROVED
PW693934,PW653413,,NOT FOUND
Pw672431,Pw673285,,APPROVED
PW647869,PW668454,,APPROVED
PW691772,PW391668,,APPROVED
PW639127,PW654027,,NOT FOUND
pw660379,PW668085,,APPROVED
PW659020,PW489759,,APPROVED
PW659661,PW639280,,APPROVED
PW685037,PW692754,,APPROVED
PW680326,PW489759,,APPROVED
PW637356,PW569267,,APPROVED
Pw640611,PW661392,,APPROVED
PW658532,PW642097,,APPROVED
Pw665107,Pw664967,,APPROVED
PW683221,PW676145,,NOT FOUND
PW662181,PW569267,,APPROVED
PW680833,PW649254,,APPROVED
Pw680500,PW6317718,,APPROVED
PW664250,PW668962,,APPROVED
Pw670207,PW694901,,APPROVED
PW692254,PW404707,,APPROVED
PW650572,PW569267,,APPROVED
PW674088,PW989841,,APPROVED
PW649956,Pw678524,,NOT FOUND
Pw658767,Pw658767,,APPROVED
PW685126,PW715043,,APPROVED
PW680045,PW692754,,APPROVED
PW660902,PW688541,,APPROVED
PW668096,PW569267,,APPROVED
Pw670583,PW647035,,NOT FOUND
PW677880,PW661991,,APPROVED
PW658848,PW637003,,NOT FOUND
PW670570,PW635721,,APPROVED
Pw635713,Pw678524,,NOT FOUND
PW688454,pw671946,,APPROVED
Pw692016,Pw694567,,APPROVED
Pw644306,Pw656377,,APPROVED
Pw692606,PW694238,,NOT FOUND
PW644750,PW665713,,APPROVED
PW680070,PW668454,,APPROVED
PW647218,Pw659151,,APPROVED
Pw672366,PW661392,,NOT FOUND
Pw641963,Pw841287,,APPROVED
PW674446,Pw679212,,APPROVED
PW656461,PW489759,,APPROVED
PW654741,PW662209,,APPROVED
PW692146,PW653995,,APPROVED
Pw664360,PW661392,,NOT FOUND
PW675408,PW666928,,APPROVED
PW646252,PW689242,,APPROVED
Pw682168,Pw637718,,NOT FOUND
PW667182,PW653413,,NOT FOUND
Pw685886,Pw637718,,NOT FOUND
PW662209,PW265693,,APPROVED
Pw661905,Pw681327,,APPROVED
PW639724,PW642097,,APPROVED
PW695405,PW688541,,APPROVED
PW678260,PW659232,,APPROVED
PW656834,PW686718,,APPROVED
Pw677886,PW656834,,APPROVED
PW688367,PW649149,,APPROVED
PW651385,PW684095,,APPROVED
PW683277,PW635670,,NOT FOUND
PW687068,PW645967,,APPROVED
PW672828,Pw652927,,NOT FOUND
PW653335,PW688541,,APPROVED
PW643524,PW642097,,NOT FOUND
PW644639,PW649149,,NOT FOUND
Pw646747,PW649149,,NOT FOUND
PW664307,PW685115,,NOT FOUND
pw639638,PW661699,,APPROVED
PW673190,PW569267,,APPROVED
PW647758,PW569267,,APPROVED
PW663655,PW661991,,APPROVED
Pw672935,PW661392,,APPROVED
PW664638,PW686231,,APPROVED
PW681187,PW676145,,NOT FOUND
PW692754,PW653413,,APPROVED
PW063877,PW638541,,APPROVED
PW647033,PW661991,,APPROVED
PW694787,PW647035,,APPROVED
PW694783,Pw652927,,NOT FOUND
PW095033,PW695238,,APPROVED
PW464308,PW638541,,NOT FOUND
PW692550,PW661991,,NOT FOUND
PW646550,PW684095,,NOT FOUND
PW645365,PW667339,,APPROVED
Pw691426,Pw694238,,APPROVED
PW640998,PW653413,,APPROVED
PW664419,PW683887,,NOT FOUND
PW652249,PW652249,,NOT FOUND
PW676761,PW656788,,APPROVED
Pw665126,Pw659151,,APPROVED
Pw677287,Pw659151,,APPROVED
PW668795,PW684049,,APPROVED
PW660084,PW636486,,APPROVED
PW692667,PW129933,,APPROVED
PW667316,PW692667,,APPROVED
PW667753,PW670735,,APPROVED
PW675281,PW657408,,NOT FOUND
Pw640147,PW661392,,NOT FOUND
Pw658024,PW677175,,APPROVED
PW648626,PW637287,,NOT FOUND
PW673642,PW637287,,APPROVED
PW686949,PW636486,,APPROVED
PW678035,PW654027,,APPROVED
Pw645627,Pw081771,,APPROVED
Pw672687,Pw552110,,APPROVED
PW690509,PW667010,,NOT FOUND
PW682787,PW660902,,APPROVED
PW652938,PW653413,,APPROVED
PW650872,Pw637718,,APPROVED
PW653231,Pw637718,,APPROVED
PW668648,PW129933,,APPROVED
Pw649789,Pw637718,,APPROVED
Pw670301,Pw637718,,APPROVED
PW681855,PW690471,,APPROVED
PW691522,PW655301,,APPROVED
PW653185,PW715043,,APPROVED
PW332734,PW265659,,NOT FOUND
PW661991,PW129933,,APPROVED
Pw123216,PW954875,,APPROVED
Pw663358,PW954875,,APPROVED
PW666964,Pw765266,,APPROVED
PW685080,PW673406,,APPROVED
PW682166,pw645543,,APPROVED
PW637035,PW653413,,APPROVED
PW647215,PW569267,,NOT FOUND
PW672425,PW081771,,APPROVED
PW692504,PW692667,,APPROVED
Pw685021,PW661392,,APPROVED
PW640510,PW669306,,APPROVED
PW989077,pw552110,,APPROVED
Pw640088,Pw654777,,APPROVED
Pw695272,PW668970,,APPROVED
Pw654777,PW129933,,APPROVED
PW689516,Pw680704,,APPROVED
PW692541,Pw669294,,APPROVED
PW640111,PW656511,,NOT FOUND
PW676603,PW674848,,APPROVED
Pw658285,Pw841287,,APPROVED
PW658248,PW652241,,NOT FOUND
PW659844,PW661991,,APPROVED
Pw689357,PW678524,,NOT FOUND
PW691219,PW667339,,APPROVED
PW679145,PW688543,,NOT FOUND
PW661118,pw671946,,APPROVED
PW686868,PW676145,,APPROVED
PW686216,PW677324,,APPROVED
PW687568,PW695000,,NOT FOUND
Pw807356,Pw841287,,APPROVED
Pw639883,Pw637718,,APPROVED
Pw659277,PW685080,,APPROVED
pw638406,PW668085,,APPROVED
pw659151,Pw671946,,APPROVED
PW656046,PW404707,,NOT FOUND
Pw638656,PW637003,,APPROVED
pw672766,pw671946,,APPROVED
PW672714,PW691128,,APPROVED
PW663341,PW767010,,APPROVED
PW663924,PW665858,,NOT FOUND
PW676441,PW676145,,NOT FOUND
PW649061,PW684095,,APPROVED
PW676346,PW129933,,APPROVED
PW643651,PW637781,,APPROVED
PW651008,PW666928,,APPROVED
pw643555,313661,,APPROVED
PW657434,PW093353,,APPROVED
PW687906,PW645682,,APPROVED
Pw686537,PW656788,,APPROVED
PW695039,Pw552110,,NOT FOUND
PW047764,PW690184,,APPROVED
Pw644495,Pw656272,,APPROVED
PW644059,PW569267,,APPROVED
PW648942,PW653103,,APPROVED
PW678187,PW665713,,APPROVED
PW644126,PW665713,,APPROVED
PW663720,PW687708,,APPROVED
PW660868,PW691128,,NOT FOUND
PW684428,PW678360,,APPROVED
PW688468,PW656788,,APPROVED
Pw659636,PW693860,,NOT FOUND
pw692859,pw671946,,APPROVED
Pw667318,PW081771,,APPROVED
PW892584,Pw765266,,APPROVED
Pw650042,Pw313661,,APPROVED
PW989841,PW670132,,APPROVED
PW637123,PW569267,,APPROVED
PW672987,PW666928,,APPROVED
pw668085,PW692859,,APPROVED
Pw680124,PW661392,,APPROVED
Pw641225,Pw841287,,APPROVED
PW671192,PW569267,,APPROVED
PW653813,PW676145,,NOT FOUND
PW655928,PW673935,,NOT FOUND
PW685394,PW676145,,NOT FOUND
PW662270,PW671115,,NOT FOUND
Pw673606,673606,,APPROVED
PW670240,Pw691896,,APPROVED
PW689242,PW651490,,APPROVED
pw227578,Pw552110,,APPROVED
Pw645543,PW659411,,APPROVED
Pw671115,PW674848,,APPROVED
PW665198,PW569267,,APPROVED
PW675601,PW691621,,NOT FOUND
PW650588,PW671115,,APPROVED
Pw669294,PW129933,,APPROVED
PW637542,PW569267,,APPROVED
Pw671633,PW647035,,APPROVED
Pw674732,PW647035,,NOT FOUND
pw681788,pw645543,,APPROVED
PW669393,Pw754585,,NOT FOUND
PW677247,PW313661,,APPROVED
Pw654956,PW081771,,APPROVED
PW669328,PW691128,,APPROVED
Pw688097,PW692859,,APPROVED
PW665148,PW674848,,APPROVED
PW682963,pw671946,,NOT FOUND
Pw677121,PW081771,,APPROVED
PW148995,PW938942,,APPROVED
PW643918,PW265693,,APPROVED
PW663440,PW680109,,APPROVED
Pw679240,Pw656377,,APPROVED
PW639676,PW661153,,APPROVED
PW689180,PW661392,,NOT FOUND
PW646279,Pw646279,,APPROVED
PW649254,PW638172,,APPROVED
PW644824,PW668970,,APPROVED
Pw673396,Pw637718,,APPROVED
Pw694633,PW661392,,NOT FOUND
PW650066,PW654300,,NOT FOUND
PW675803,PW663720,,NOT FOUND
PW640222,PW688541,,APPROVED
pw656700,PW689309,,APPROVED
PW671734,PW655301,,NOT FOUND
PW661153,PW661153,,APPROVED
Pw690065,pw645543,,NOT FOUND
Pw665806,pw645543,,APPROVED
PW568634,PW042355,,APPROVED
PW686375,PW665858,,APPROVED
Pw691926,Pw637718,,APPROVED
PW652663,PW665858,,APPROVED
Pw694238,PW666928,,APPROVED
PW674139,PW677175,,APPROVED
Pw656992,PW637035,,APPROVED
PW645999,PW663440,,APPROVED
Pw664219,PW661153,,NOT FOUND
Pw677814,Pw746679,,NOT FOUND
Pw668528,PW661392,,APPROVED
PW644823,PW687808,,APPROVED
PW650637,PW661699,,APPROVED
PW663567,PW663906,,APPROVED
Pw652589,Pw639883,,NOT FOUND
PW687828,PW687828,,APPROVED
pw676619,Pw671946,,APPROVED
PW670140,PW665858,,APPROVED
Pw656964,Pw841287,,APPROVED
PW660557,PW637035,,APPROVED
PW650368,PW667010,,APPROVED
Pw693555,PW637718,,APPROVED
Pw691630,PW661153,,APPROVED
Pw658661,Pw765266,,APPROVED
Pw652791,PW661392,,NOT FOUND
Pw637182,PW661153,,APPROVED
PW652091,PW688543,,APPROVED
PW681231,PW341832,,APPROVED
Pw672478,PW643651,,APPROVED
Pw688892,Pw 637718,,APPROVED
PW788179,PW965728,,APPROVED
Pw657157,Pw678653,,APPROVED
PW637547,PW636486,,APPROVED
PW674915,PW674848,,APPROVED
PW688930,PW665858,,APPROVED
PW642097,PW671971,,APPROVED
PW652347,PW692859,,APPROVED
PW659519,PW129933,,APPROVED
PW673011,PW569267,,NOT FOUND
PW682609,PW682787,,APPROVED
PW662203,PW685466,,APPROVED
PW644330,PW689735,,NOT FOUND
PW677823,PW341832,,APPROVED
Pw659632,Pw640029,,APPROVED
PW637688,pw645543,,APPROVED
Pw674021,Pw665064,,NOT FOUND
PW652272,PW678653,,NOT FOUND
PW642460,Pw691896,,APPROVED
PW648865,PW663906,,APPROVED
Pw661375,Pw873050,,APPROVED
PW665064,Pw691896,,APPROVED
PW665584,PW687828,,NOT FOUND
PW636548,PW654854,,APPROVED
Pw677774,pw645543,,APPROVED
PW644692,PW715043,,APPROVED
PW659275,PW668085,,APPROVED
PW647825,PW663906,,APPROVED
PW640536,PW646702,,APPROVED
PW638395,PW640049,,APPROVED
pw650202,pw671946,,APPROVED
PW645160,PW680838,,APPROVED
PW654712,PW653995,,APPROVED
PW678854,PW636548,,APPROVED
PW639953,PW682218,,APPROVED
PW670747,PW663906,,APPROVED
PW640301,PW153186,,APPROVED
PW674188,PW649149,,NOT FOUND
PW641610,Pw691896,,NOT FOUND
PW678618,PW670735,,NOT FOUND
pw660733,PW638406,,APPROVED
PW689135,PW635747,,APPROVED
PW643749,PW685197,,NOT FOUND
Pw670496,Pw665064,,APPROVED
PW645202,PW690018,,APPROVED
PW661246,Pw683919,,APPROVED
PW659285,PW667010,,APPROVED
PW684668,pw671946,,APPROVED
PW694270,PW989841,,APPROVED
PW693723,PW637035,,NOT FOUND
Pw674019,Pw691896,,APPROVED
Pw675275,Pw637718,,APPROVED
PW671843,PW653413,,NOT FOUND
PW638183,PW643844,,NOT FOUND
PW643935,PW679051,,APPROVED
PW690616,pw645543,,NOT FOUND
PW666817,Pw691896,,APPROVED
PW683271,PW683271,,APPROVED
PW682720,PW637287,,NOT FOUND
Pw684980,PW663906,,APPROVED
PW673935,PW665858,,NOT FOUND
PW674130,PW129933,,APPROVED
PW686183,PW665858,,APPROVED
PW670735,670735,,APPROVED
Pw645430,Pw653231,,NOT FOUND
PW639721,PW569267,,APPROVED
PW671468,pw671946,,APPROVED
PW678360,PW362722,,NOT FOUND
PW639017,Pw841287,,APPROVED
Pw658926,pw645543,,APPROVED
PW648466,PW636486,,APPROVED
Pw688772,Pw765266,,APPROVED
Pw648212,PW661392,,NOT FOUND
PW668522,Pw646279,,APPROVED
PW644119,PW649149,,APPROVED
pw635716,PW668085,,APPROVED
Pw652601,PW661392,,APPROVED
PW688902,PW655301,,APPROVED
Pw674670,Pw765266,,APPROVED
Pw656000,Pw670233,,APPROVED
PW680054,PW129933,,APPROVED
Pw684258,Pw691896,,NOT FOUND
Pw665267,Pw678653,,NOT FOUND
PW638425,PW665858,,APPROVED
Pw661471,Pw691896,,APPROVED
PW646576,PW646576,,APPROVED
PW648796,PW653413,,APPROVED
PW678163,PW639309,,APPROVED
PW662414,PW682218,,APPROVED
PW650177,PW654027,,APPROVED
PW673532,PW654533,,NOT FOUND
PW678404,PW673347,,APPROVED
PW648556,PW667010,,APPROVED
PW662920,PW689242,,APPROVED
PW659387,PW682218,,APPROVED
Pw681784,PW690329,,APPROVED
Pw678653,Pw664506,,APPROVED
PW679710,PW682218,,APPROVED
PW690188,Pw765266,,APPROVED
PW643178,PW651490,,NOT FOUND
PW645996,PW651490,,APPROVED
Pw690419,PW687828,,APPROVED
PW641005,PW663906,,APPROVED
PW644100,PW666928,,APPROVED
Pw652268,PW691128,,NOT FOUND
PW674412,Pw691896,,APPROVED
Pw664278,Pw637718,,APPROVED
Pw649928,Pw665064,,APPROVED
PW638695,PW691128,,APPROVED
Pw695173,Pw646279,,NOT FOUND
PW679622,Pw678653,,NOT FOUND
PW689467,Pw678653,,NOT FOUND
PW637448,PW678653,,APPROVED
Pw666281,Pw665064,,APPROVED
Pw668467,Pw637718,,APPROVED
Pw640074,Pw637718,,APPROVED
PW670068,PW670068,,APPROVED
PW667444,PW656511,,APPROVED
PW674015,PW665713,,APPROVED
PW676737,pw645543,,APPROVED
PW668827,PW674848,,NOT FOUND
PW656257,Pw673857,,APPROVED
PW637854,pw671946,,APPROVED
PW675420,PW653217,,APPROVED
PW662859,PW661699,,APPROVED
PW649909,Pw646279,,NOT FOUND
PW685538,Pw646279,,NOT FOUND
PW655580,PW665048,,NOT FOUND
Pw648730,Pw656377,,APPROVED
PW659399,PW642097,,APPROVED
PW636148,PW684095,,APPROVED
PW688543,PW569267,,APPROVED
PW681720,PW671115,,NOT FOUND
Pw692783,Pw841287,,NOT FOUND
Pw644969,Pw679771,,APPROVED
Pw661661,Pw662261,,APPROVED
PW669306,PW640510,,APPROVED
Pw663445,Pw637718,,APPROVED
Pw647302,PW692500,,APPROVED
PW666885,PW265693,,APPROVED
Pw665683,PW679037,,APPROVED
PW647473,PW643844,,NOT FOUND
PW672772,PW691128,,NOT FOUND
PW659630,PW684095,,APPROVED
PW695507,PW688541,,APPROVED
Pw653547,PW661392,,NOT FOUND
PW657270,PW637287,,APPROVED
PW683964,Pw691896,,NOT FOUND
PW647466,PW 690018,,APPROVED
PW679867,PW661153,,APPROVED
Pw652785,PW639940,,APPROVED
Pw667519,Pw652785,,APPROVED
Pw652868,PW681784,,APPROVED
PW643207,PW655301,,APPROVED
PW669188,PW873241,,APPROVED
pw657765,pw671946,,APPROVED
PW672268,pw645543,,APPROVED
PW650983,PW658767,,APPROVED
PW674280,Pw646279,,NOT FOUND
Pw667412,Pw665064,,NOT FOUND
Pw654833,PW081771,,APPROVED
PW675054,PW636486,,APPROVED
PW676092,PW637287,,NOT FOUND
PW656422,Pw652927,,APPROVED
Pw679308,Pw686283,,APPROVED
Pw660454,Pw686283,,NOT FOUND
PW635623,pw638504,,APPROVED
PW681823,Pw649254,,APPROVED
PW671273,PW684095,,APPROVED
Pw645289,Pw686283,,APPROVED
PW694853,PW684980,,APPROVED
PW658305,PW666928,,APPROVED
Pw691666,Pw686231,,NOT FOUND
PW679051,PW653413,,APPROVED
PW677076,Pw679051,,APPROVED
PW648067,PW661991,,APPROVED
PW689810,Pw654699,,APPROVED
PW647988,PW653413,,APPROVED
PW641752,PW687068,,NOT FOUND
PW657323,PW654300,,NOT FOUND
PW659232,PW692667,,APPROVED
PW680132,PW715043,,APPROVED
Pw661688,Pw686283,,APPROVED
Pw673359,Pw665064,,NOT FOUND
PW687649,PW650588,,NOT FOUND
Pw681780,PW692500,,APPROVED
PW688541,PW660902,,APPROVED
PW692160,Pw667527,,NOT FOUND
Pw647760,Pw665064,,APPROVED
PW667207,PW677175,,APPROVED
Pw673230,pw645543,,NOT FOUND
PW638273,Pw657883,,APPROVED
PW688574,PW656511,,APPROVED
PW679190,Pw658767,,APPROVED
Pw636521,Pw313661,,NOT FOUND
Pw666310,Pw690321,,APPROVED
Pw670516,Pw665064,,NOT FOUND
PW667527,Pw694901,,APPROVED
Pw694328,Pw665064,,NOT FOUND
PW670182,PW665858,,NOT FOUND
PW683780,PW679435,,APPROVED
PW673885,PW684095,,NOT FOUND
Pw647547,PW656992,,APPROVED
Pw671607,Pw637718,,NOT FOUND
PW681369,PW645773,,APPROVED
PW666388,PW655301,,APPROVED
PW674910,PW690471,,APPROVED
PW647240,PW651490,,NOT FOUND
PW664980,pw645543,,APPROVED
PW683806,PW680054,,APPROVED
PW638504,PW129933,,NOT FOUND
Pw669744,PW569267,,APPROVED
PW686192,PW670233,,APPROVED
PW638330,PW648114,,APPROVED
PW657883,PW656788,,APPROVED
PW681267,PW677175,,APPROVED
Pw691419,Pw694901,,APPROVED
Pw646472,Pw646658,,NOT FOUND
PW655281,PW667010,,NOT FOUND
PW002729,PW409830,,APPROVED
pw647075,pw671946,,APPROVED
PW672761,PW670536,,APPROVED
Pw681949,Pw693788,,APPROVED
Pw661282,Pw640029,,APPROVED
PW671179,PW636973,,APPROVED
PW656058,PW686425,,APPROVED
pw643310,pw671946,,APPROVED
PW652615,PW674848,,NOT FOUND
PW687005,PW675426,,APPROVED
Pw680687,Pw667519,,NOT FOUND
PW683384,PW648067,,APPROVED
PW729184,Pw081771,,APPROVED
PW676511,PW656511,,APPROVED
PW656932,PW655301,,APPROVED
PW635862,PW684095,,APPROVED
Pw683081,Pw765266,,APPROVED
PW671478,PW687828,,NOT FOUND
PW668967,PW646576,,APPROVED
Pw684572,PW669917,,APPROVED
PW694321,PW341832,,APPROVED
Pw664490,Pw678205,,APPROVED
PW638332,PW569267,,APPROVED
PW642213,PW656788,,APPROVED
Pw669917,PW653396,,APPROVED
PW694024,PW656788,,APPROVED
Pw666622,Pw687808,,NOT FOUND
pw641039,pw671946,,APPROVED
Pw672053,Pw694238,,APPROVED
PW653734,PW667010,,APPROVED
PW646984,PW341832,,APPROVED
PW657704,PW661991,,APPROVED
Pw670933,PW661392,,NOT FOUND
pw670973,PW683887,,APPROVED
PW664147,PW656788,,APPROVED
Pw690939,PW873241,,APPROVED
PW681870,PW646576,,APPROVED
PW684402,PW653413,,APPROVED
PW673008,pw645543,,APPROVED
Pw657303,Pw675388,,NOT FOUND
PW670603,PW489759,,APPROVED
pw673039,PW635623,,APPROVED
Pw680791,Pw665064,,APPROVED
PW686676,PW675484,,NOT FOUND
PW688153,PW693788,,APPROVED
PW695392,PW645202,,APPROVED
Pw635825,Pw693788,,NOT FOUND
Pw686096,Pw693788,,APPROVED
PW766515,PW656788,,APPROVED
pw674291,pw671946,,APPROVED
Pw677822,Pw841287,,APPROVED
PW651938,PW695383,,APPROVED
PW681288,PW678035,,APPROVED
Pw677128,Pw635630,,APPROVED
PW652895,PW569267,,NOT FOUND
Pw687750,Pw693788,,NOT FOUND
PW688885,PW661991,,APPROVED
Pw660445,Pw765266,,APPROVED
pw681066,pw671946,,APPROVED
PW675038,pw645543,,APPROVED
pw645347,pw734867,,NOT FOUND
Pw694295,PW661699,,NOT FOUND
Pw656237,Pw679037,,APPROVED
PW673830,PW153186,,APPROVED
PW692064,PW692064,,APPROVED
PW661178,PW660410,,APPROVED
Pw685464,PW873241,,APPROVED
PW688093,pw645543,,APPROVED
pw636497,pw671946,,APPROVED
Pw659379,Pw665064,,NOT FOUND
PW677550,Pw670233,,APPROVED
PW657304,PW684049,,APPROVED
PW678007,PW645202,,NOT FOUND
PW673942,PW669285,,APPROVED
PW686664,PW673346,,NOT FOUND
Pw661290,Pw670233,,APPROVED
PW670536,PW673346,,APPROVED
PW675715,PW695361,,NOT FOUND
PW640427,PW694183,,APPROVED
pw672065,pw671946,,APPROVED
PW659163,PW658926,,APPROVED
PW678320,PW648067,,APPROVED
PW675049,PW647988,,NOT FOUND
Pw683099,PW687828,,APPROVED
PW681768,PW873050,,NOT FOUND
Pw692337,PW689388,,APPROVED
PW635575,PW676346,,APPROVED
pw666718,pw671946,,APPROVED
PW685278,PW679135,,NOT FOUND
PW664785,PW671115,,APPROVED
PW681683,pw645543,,APPROVED
PW272614,PW841287,,APPROVED
pw644481,pw671946,,APPROVED
PW681071,pw645543,,APPROVED
PW682765,PW655301,,NOT FOUND
Pw651647,PW678524,,APPROVED
Pw635649,Pw636687,,NOT FOUND
PW670515,PW657883,,APPROVED
PW694107,PW637035,,NOT FOUND
PW661759,PW653413,,NOT FOUND
PW689735,PW689735,,APPROVED
PW638150,PW661991,,APPROVED
PW678710,PW989841,,APPROVED
PW637358,PW681178,,APPROVED
PW642487,pw645543,,APPROVED
PW664633,PW667010,,NOT FOUND
PW654113,PW691896,,NOT FOUND
Pw651776,PW644824,,APPROVED
PW638426,pw645543,,APPROVED
PW667423,PW669285,,APPROVED
PW668958,PW989841,,APPROVED
Pw668788,Pw665064,,APPROVED
PW677122,pw645543,,APPROVED
PW668752,PW074198,,APPROVED
PW791314,PW873050,,NOT FOUND
PW664137,PW341832,,APPROVED
PW639656,PW678524,,NOT FOUND
pw669637,Pw841287,,NOT FOUND
Pw662437,Pw670233,,APPROVED
PW685998,PW640427,,APPROVED
Pw644027,Pw658822,,NOT FOUND
PW663412,PW667010,,NOT FOUND
PW683394,PW655301,,APPROVED
PW099155,PW646984,,APPROVED
PW657037,PW667010,,NOT FOUND
PW684036,PW655301,,NOT FOUND
PW647314,PW667010,,NOT FOUND
Pw639856,Pw670233,,APPROVED
PW665999,PW667010,,NOT FOUND
Pw693497,Pw658822,,NOT FOUND
PW641834,PW640510,,APPROVED
PW673722,PW642311,,APPROVED
PW639104,PW642311,,APPROVED
PW635797,PW569267,,NOT FOUND
PW682750,PW651785,,APPROVED
PW678108,Pw694718,,NOT FOUND
Pw671059,Pw640029,,APPROVED
PW676150,PW691123,,APPROVED
PW644028,PW715043,,APPROVED
Pw646272,PW677886,,APPROVED
PW641848,PW691123,,APPROVED
PW692078,PW691123,,APPROVED
PW688202,PW074198,,NOT FOUND
PW639454,PW637035,,APPROVED
PW686919,PW655301,,APPROVED
PW670337,PW642311,,NOT FOUND
PW693871,PW636973,,APPROVED
PW684442,PW667316,,APPROVED
PW643433,PW639127,,NOT FOUND
PW648841,pw645543,,APPROVED
PW669416,pw645543,,APPROVED
Pw686231,Pw677886,,APPROVED
PW695361,PW682169,,APPROVED
PW651502,PW655301,,NOT FOUND
PW684138,PW682169,,APPROVED
PW690471,PW682179,,APPROVED
PW665370,PW645682,,NOT FOUND
PW636556,PW677886,,APPROVED
PW667553,pw645543,,APPROVED
PW642708,PW656788,,APPROVED
PW668585,pw645543,,NOT FOUND
PW636263,PW637035,,APPROVED
Pw681572,PW873241,,APPROVED
PW663243,Pw754585,,NOT FOUND
PW693156,PW651251,,APPROVED
PW686866,PW677175,,APPROVED
PW677147,pw645543,,APPROVED
Pw691280,Pw636687,,NOT FOUND
PW646233,PW642311,,NOT FOUND
PW687306,PW667010,,APPROVED
Pw691392,PW681784,,APPROVED
PW651429,PW690380,,NOT FOUND
PW695383,PW651490,,APPROVED
Pw666620,Pw686231,,NOT FOUND
Pw654346,PW873241,,APPROVED
PW638689,PW650042,,APPROVED
Pw677141,Pw651424,,APPROVED
PW663519,PW647988,,APPROVED
PW682829,Pw680563,,APPROVED
PW659599,PW671115,,NOT FOUND
Pw664600,Pw658822,,APPROVED
PW687882,PW661991,,APPROVED
PW653770,PW653413,,APPROVED
PW647390,PW682675,,NOT FOUND
pw660516,pw671946,,APPROVED
PW639265,PW362722,,NOT FOUND
PW666188,Pw692440,,APPROVED
PW678261,PW655301,,APPROVED
PW646658,Pw685080,,NOT FOUND
Pw644885,Pw673220,,APPROVED
Pw668751,Pw841287,,APPROVED
PW662706,PW074198,,APPROVED
PW644562,PW686425,,APPROVED
Pw650447,Pw667519,,NOT FOUND
PW688323,Pw153186,,APPROVED
PW655190,PW569267,,APPROVED
PW647035,PW658822,,APPROVED
Pw685431,PW661153,,NOT FOUND
PW676128,PW656511,,APPROVED
PW660585,Pw694901,,APPROVED
PW646505,PW689735,,APPROVED
PW654047,pw645543,,NOT FOUND
PW657869,PW656203,,APPROVED
Pw654142,PW684982,,APPROVED
Pw670409,Pw691896,,APPROVED
PW678118,PW687828,,APPROVED
PW693722,PW693420,,APPROVED
Pw694209,Pw678524,,NOT FOUND
PW642792,PW656834,,NOT FOUND
PW671976,Pw754585,,NOT FOUND
PW659933,Pw668962,,APPROVED
PW638034,PW678205,,APPROVED
Pw652231,PW653103,,APPROVED
PW641910,PW689242,,NOT FOUND
PW664895,PW682675,,APPROVED
pw695009,pw671946,,APPROVED
Pw650893,Pw644495,,NOT FOUND
PW649705,PW153186,,APPROVED
PW671927,pw645543,,NOT FOUND
PW685148,Pw661941,,APPROVED
PW671110,PW664638,,APPROVED
PW655531,PW642311,,APPROVED
pw680406,pw671946,,NOT FOUND
Pw670530,PW661392,,NOT FOUND
Pw645746,PW655301,,APPROVED
PW651885,PW695000,,NOT FOUND
PW691289,PW081771,,APPROVED
Pw655960,PW661392,,APPROVED
PW695228,Pw661941,,APPROVED
Pw691836,PW688097,,APPROVED
PW676292,PW692254,,NOT FOUND
Pw654834,PW647035,,NOT FOUND
PW686838,PW645543,,APPROVED
PW685241,PW667527,,APPROVED
PW647375,PW684095,,APPROVED
PW675645,PW569267,,APPROVED
PW656390,PW654300,,NOT FOUND
PW659131,PW569267,,NOT FOUND
PW644653,PW569267,,NOT FOUND
Pw661285,PW661285,,APPROVED
PW686765,Pw081771,,APPROVED
PW643862,PW265693,,APPROVED
PW642919,PW640427,,APPROVED
PW659593,PW645543,,APPROVED
PW694264,PW656788,,APPROVED
PW675966,PW674726,,NOT FOUND
PW652550,Pw652927,,NOT FOUND
PW659793,PW674910,,APPROVED
Pw658662,PW661392,,APPROVED
Pw658307,Pw650147,,NOT FOUND
Pw658755,PW670207,,NOT FOUND
PW681820,pw645543,,APPROVED
PW636092,PW642927,,APPROVED
PW672297,PW670049,,APPROVED
Pw661029,Pw686231,,NOT FOUND
PW648417,PW658205,,APPROVED
PW691093,PW674910,,APPROVED
PW646094,PW684095,,NOT FOUND
PW676695,PW684049,,NOT FOUND
PW665863,PW658767,,NOT FOUND
PW678541,PW684095,,NOT FOUND
pw679329,Pw671946,,APPROVED
PW652114,PW569267,,APPROVED
PW692547,PW673346,,APPROVED
PW647330,PW658767,,NOT FOUND
Pw688882,PW695000,,APPROVED
PW646409,PW674848,,NOT FOUND
PW673397,PW658767,,NOT FOUND
PW659906,PW648067,,APPROVED
PW677149,PW668970,,NOT FOUND
PW674333,PW677175,,APPROVED
PW660085,PW684095,,APPROVED
PW655550,PW684095,,APPROVED
PW688548,PW569267,,NOT FOUND
pw680968,PW637035,,APPROVED
